SGN,Revenue 
68512633,2.50311
70670183,2.50316
70868606,2.50344
69737922,2.50469
71237900,2.51195
71211818,2.51832
70711759,2.5196
70633576,2.52064
70459295,2.52233
70420823,2.52514
69563456,2.52685
70501785,2.52755
69248886,2.5329
71035136,2.533
69920937,2.53695
71141312,2.5382
70163173,2.53863
69743781,2.53974
71175661,2.54378
70559269,2.54961
70502550,2.55079
68428305,2.55644
70799967,2.561
68824336,2.5649
71166731,2.56537
70403645,2.5722
70877712,2.57514
70864723,2.57662
317892,2.57969
70946228,2.58065
70963261,2.58155
252080,2.5823
71063422,2.58385
69538900,2.5936
70922141,2.59645
70656627,2.60114
70703419,2.6043
69775138,2.6066
71058412,2.61411
70398231,2.61475
70767838,2.61863
70570705,2.6237
70724039,2.6256
298299,2.6305
70724081,2.6336
70877332,2.6357
70758818,2.63625
70500871,2.63688
70259248,2.63707
69759594,2.63963
69743788,2.6414
70383175,2.64362
71042535,2.6506
70688688,2.6512
71046916,2.654
69076622,2.65581
71018448,2.66087
250859,2.66127
69193585,2.6616
70797167,2.6655
70633741,2.68025
70874216,2.68553
69608898,2.6859
70458927,2.68655
70526110,2.68827
70666433,2.6915
251301,2.69334
70442003,2.69555
322151,2.69648
278357,2.70065
71114898,2.70485
70287032,2.7112
69570706,2.71325
71166877,2.71373
70868226,2.7158
71105427,2.72397
71199656,2.72751
69701372,2.73011
69314982,2.73584
70654248,2.73607
68816464,2.7361
70716229,2.73838
71118996,2.74059
70243954,2.7407
70140273,2.74089
69720874,2.74175
69555829,2.74214
70661383,2.74731
70383363,2.76218
71209833,2.76556
68647352,2.7703
70307518,2.77663
69923705,2.78019
70850153,2.78286
70515534,2.7839
70466101,2.78483
69974990,2.78514
69526927,2.7882
71235503,2.79215
70634424,2.7994
71205458,2.80545
71185726,2.80817
70638607,2.81129
70762593,2.81157
71234543,2.81717
71012525,2.82428
68481168,2.82728
71044364,2.83016
70448453,2.8379
70159976,2.84551
70758784,2.8467
70112276,2.84885
69887320,2.85031
70565782,2.85387
71087033,2.85602
70910880,2.8581
70186131,2.85925
70772838,2.85952
70986186,2.86023
69108461,2.86707
70814033,2.873
70909357,2.87315
70724469,2.87373
71155489,2.87783
70751048,2.88
249425,2.881
71063333,2.8831
71166782,2.8863
70871604,2.89135
70421474,2.892
70822181,2.89938
69825889,2.90069
70571271,2.9018
70751514,2.90688
70639723,2.91171
71172201,2.9286
69207525,2.93759
70509376,2.95991
68840061,2.97555
70948381,2.98095
69519400,2.98157
70570769,2.98255
71017498,2.98665
70626483,2.98846
70954258,2.99146
70704081,2.99273
69372271,2.99593
71233803,3
70732885,3.00386
68871741,3.00786
70914793,3.0106
70954946,3.0119
70355851,3.01284
71199626,3.01394
70113405,3.03795
71150207,3.05431
69525635,3.06075
70499232,3.07347
70458444,3.07846
68827639,3.0801
70037191,3.0805
69330436,3.08075
68962881,3.09436
70796668,3.10072
69730651,3.101
69495439,3.10197
71210435,3.1032
69908764,3.10708
70198315,3.11114
250868,3.1158
70481682,3.1178
70692829,3.12325
70577419,3.12387
69712559,3.12803
271269,3.13052
298748,3.1353
70629736,3.137
70742127,3.14149
71067842,3.14374
69092982,3.1454
71156266,3.14607
71207587,3.15089
71161901,3.16043
70932764,3.16413
71085027,3.1675
69791095,3.1705
70468463,3.17448
69485146,3.17734
69170692,3.178
69650603,3.17976
70031904,3.18764
70460780,3.1889
69920344,3.19543
70520004,3.19573
71143656,3.20914
70777179,3.2096
70719035,3.21625
71124028,3.22216
69733399,3.22296
69842211,3.22412
70005590,3.22965
70641659,3.23212
70697892,3.23738
70209230,3.2383
70083893,3.23908
309061,3.24425
69695266,3.254
68930980,3.2562
69641519,3.25863
70572888,3.26307
69571199,3.266
70393981,3.27744
70222582,3.28112
69958044,3.28183
69834488,3.28273
70021251,3.2829
70618691,3.28892
71026508,3.2956
69830322,3.30215
277546,3.30688
70195243,3.30895
69362429,3.3098
70136446,3.3164
69603653,3.31823
71182488,3.32294
70265222,3.32719
70228627,3.3299
69315940,3.3316
70525660,3.3399
68687518,3.34485
70940203,3.34505
70528258,3.34745
68526596,3.34992
69570590,3.3511
71122063,3.35414
71114157,3.3577
71041821,3.35793
71015881,3.3602
70671328,3.36147
71058361,3.3625
69046310,3.36341
68841665,3.36482
70489975,3.36561
71020930,3.38004
69525314,3.38785
70263908,3.38865
69216570,3.406
253130,3.4067
71162262,3.4093
70563040,3.41348
70422989,3.41367
70945661,3.4151
69361576,3.4224
68944685,3.42477
70927637,3.4298
70007187,3.43065
70779635,3.43087
71090362,3.43733
70914215,3.4388
249106,3.44325
68824190,3.44807
69949012,3.44847
70511693,3.44992
339034,3.455
68660034,3.46
70038791,3.46249
71198720,3.46437
71205546,3.46723
71064894,3.46965
70454674,3.47205
257358,3.47273
70667502,3.47555
342446,3.4827
70812997,3.48813
69459490,3.49025
70385612,3.502
311370,3.5021
70696735,3.50244
70817452,3.50732
68446408,3.50853
69452199,3.51969
71006364,3.52022
70912100,3.5235
70518178,3.52457
71026638,3.52892
70462268,3.53252
69887071,3.53345
70917429,3.53758
69247593,3.54546
70135232,3.54729
69900543,3.54861
71218432,3.55123
70816461,3.55599
70408894,3.55705
70424313,3.55765
69563197,3.56246
69656947,3.56697
71053588,3.5672
70498591,3.57418
69369576,3.57479
69659702,3.58254
69495083,3.58433
70113504,3.58492
68991490,3.58886
70568498,3.59459
257083,3.60335
68458204,3.61157
71181886,3.61496
69830876,3.6156
70848175,3.61617
70286652,3.6205
69539735,3.62079
70309206,3.62471
68444538,3.648
71156312,3.65
70782953,3.65052
252867,3.65087
68614663,3.65573
68839214,3.6634
70589428,3.66638
71026182,3.67116
70350737,3.674
69570499,3.6779
69673671,3.6812
71029280,3.68837
70789305,3.68918
68835138,3.69617
71091657,3.69654
69194946,3.70035
71101885,3.7006
70812594,3.70102
68656037,3.7037
70101201,3.70781
70179133,3.7119
71046808,3.7159
69881802,3.72408
69694503,3.72564
70102380,3.7279
69374635,3.73714
71175033,3.74425
69778105,3.74936
71190827,3.75085
70799533,3.76191
69892498,3.76505
70221236,3.76598
69804234,3.7711
70814695,3.77354
69694870,3.78326
68598689,3.78432
70992011,3.78508
70167007,3.79283
68821526,3.79807
70270623,3.79838
70328667,3.7998
71019152,3.80285
70780996,3.80365
70247130,3.81065
70347679,3.81249
70257226,3.81555
70799406,3.81777
70765714,3.81965
71092475,3.82067
71207654,3.8248
70484455,3.82495
69262721,3.82937
70208299,3.8313
70316275,3.83325
70644485,3.84222
71197640,3.84661
68805101,3.84671
71060184,3.84698
69720219,3.84908
70417843,3.85061
250113,3.86496
70907956,3.8686
70777244,3.87156
70690720,3.87625
70870313,3.88318
70801656,3.8881
70939182,3.8908
68468985,3.89528
70931207,3.89555
70314185,3.89642
69845065,3.9
70357346,3.90154
71182795,3.91175
70839238,3.91331
69530913,3.92
70393551,3.92249
71196276,3.92973
68660648,3.93041
70768415,3.93112
71035000,3.9335
70915407,3.93546
71158820,3.93693
71201789,3.94212
71139444,3.94668
70991476,3.94849
69165457,3.95175
69721988,3.96256
70931910,3.96375
69079218,3.97021
70829187,3.97355
70288267,3.97661
70416173,3.9843
71107177,3.9891
71124916,3.99115
69789685,3.9916
71165448,3.99253
71182632,3.999
71127649,4.00038
69570984,4.01413
276767,4.0176
70134259,4.02245
70167422,4.0235
70564388,4.0258
71149164,4.02668
70668503,4.02711
70054988,4.03123
71215132,4.03165
70723403,4.04321
68428208,4.04527
69238420,4.05103
70559212,4.06615
70096836,4.0744
69383550,4.07611
71100582,4.07945
71199524,4.07946
70158238,4.08035
70387492,4.08195
70860910,4.0874
69074011,4.09689
69675268,4.09693
68483625,4.0979
71108974,4.09989
70077611,4.10481
69704228,4.11105
71169089,4.11382
70360252,4.1155
70832476,4.11575
69958750,4.11654
69250396,4.12457
69522425,4.12727
70761996,4.13063
338219,4.13365
71228013,4.135
70895730,4.14147
313047,4.144
70300220,4.15431
71144961,4.164
70784630,4.1684
70078227,4.17
330825,4.17278
70516683,4.18418
69700127,4.20152
69474385,4.20866
69274231,4.2135
70283142,4.21743
71053592,4.21815
70373854,4.21845
318174,4.22632
68528257,4.22782
70270650,4.22841
310006,4.23015
70237186,4.23891
70742106,4.24015
70329589,4.24365
70799605,4.24626
336745,4.25188
69975413,4.27257
68576969,4.2738
71188863,4.2756
70405848,4.27714
70578156,4.28318
70448915,4.28536
68476457,4.29
71155976,4.29243
70943976,4.29342
70341720,4.3017
251197,4.31375
335305,4.31721
71125892,4.33813
70725226,4.34218
294148,4.34428
70091902,4.35944
70460630,4.36101
69380749,4.36122
71061081,4.36948
70293526,4.37945
252558,4.39406
70717070,4.39548
70631119,4.39723
70494700,4.41249
69390144,4.4173
71154151,4.42345
68994507,4.42405
70725688,4.43564
70524080,4.43907
68625167,4.43935
70339565,4.44009
70102508,4.45175
69806549,4.4634
69491272,4.4635
68823864,4.47035
69856615,4.47925
287479,4.49088
70666437,4.49336
71174991,4.505
69593173,4.5201
70007090,4.52289
70729847,4.53075
70356910,4.53585
69534299,4.5399
70475106,4.55105
70915936,4.5516
69570572,4.55175
69450175,4.55584
69780984,4.55605
70575855,4.55902
71198050,4.56065
69884688,4.57006
70974810,4.57521
69489335,4.57551
68473500,4.57587
70154100,4.57887
71024667,4.58304
71176334,4.5955
70693626,4.59787
70466227,4.6151
70494686,4.61821
69025477,4.6193
252117,4.62
70915366,4.62505
69409834,4.63855
71179819,4.64004
71193024,4.6528
71175194,4.67184
70030827,4.6785
69166581,4.68575
69534303,4.68955
69639292,4.69041
68512824,4.69193
69487710,4.6981
314212,4.6999
69985836,4.70216
71124091,4.70539
69456100,4.70736
68868636,4.71513
69890773,4.71578
71204669,4.72125
71047590,4.72674
70732999,4.7436
69248848,4.74594
69855832,4.75048
70506255,4.75333
71132891,4.75369
71191459,4.75576
69252088,4.76047
312467,4.7651
70461148,4.76683
70131383,4.77115
70906606,4.77993
284183,4.78332
69881860,4.7855
70039279,4.78783
71195170,4.7934
69901062,4.7974
69228500,4.79875
71192964,4.8
71183299,4.80547
69283759,4.80665
70952538,4.8081
70761981,4.81917
70489450,4.82095
70950001,4.82475
70384419,4.8272
71111787,4.82904
71212784,4.82955
69090016,4.831
71120203,4.85725
70919869,4.85806
70102322,4.8603
70148314,4.86271
71092636,4.8679
70614736,4.86961
342012,4.8722
71188311,4.87945
71060609,4.88495
69830624,4.8932
70901155,4.89546
268788,4.89651
69730655,4.91502
70785099,4.91893
71196839,4.92627
70572784,4.93099
70314988,4.93344
69696931,4.93825
247973,4.9478
70979383,4.954
70468553,4.97828
71196335,4.98061
71046313,4.9837
69087291,4.99237
71008562,4.9957
70486553,4.9995
70408455,5
69804832,5.02
71112618,5.03791
70910775,5.04331
70813996,5.05075
297638,5.0576
71043469,5.06621
251835,5.07767
70338933,5.07871
70854532,5.0818
251989,5.0828
70001412,5.0853
70356457,5.08547
70472707,5.10024
70983578,5.1016
70030882,5.1134
70773975,5.1208
69523686,5.1287
68664252,5.13263
71024013,5.1351
69719652,5.13569
68444414,5.1371
70990637,5.13988
68843744,5.1465
70222647,5.14706
70452066,5.15206
71071147,5.1576
70842551,5.1702
69315219,5.17191
69891144,5.17508
325451,5.17512
69535675,5.17575
69796994,5.18748
252129,5.20132
70395669,5.20217
70730712,5.2075
70910864,5.21432
68935524,5.222
70309218,5.23026
317057,5.2311
70332759,5.23165
250837,5.23788
70513485,5.24123
70652128,5.24925
70802774,5.24973
70334247,5.2534
70711788,5.25912
70936107,5.26374
70823541,5.27215
70705165,5.27461
70894240,5.2749
70077117,5.28458
69841840,5.28665
70650273,5.30097
71169219,5.3011
336815,5.31161
70506318,5.31535
70312866,5.31729
70445813,5.33589
70804283,5.33718
70076633,5.35952
70888805,5.35958
71146013,5.3633
70951285,5.37126
68454076,5.37507
68452450,5.37713
70902359,5.38282
288023,5.39175
71100638,5.4019
69535344,5.40437
71064034,5.4082
71153661,5.41
70840638,5.41194
70006488,5.41393
70245496,5.41406
70971969,5.42013
70803695,5.43357
71174958,5.43863
70714460,5.44389
70747573,5.44941
70008203,5.45111
70491088,5.45511
70775789,5.45835
70775847,5.47097
71224758,5.47268
70759403,5.47273
305814,5.47463
71196318,5.47555
70753480,5.48464
69571225,5.4871
70205466,5.48731
70284563,5.48836
70983902,5.50252
70843506,5.51255
70798874,5.52819
71048229,5.52848
70466892,5.54875
70588485,5.57029
70096824,5.57655
71024065,5.58921
70815518,5.59304
70490564,5.5947
71198208,5.59912
71090241,5.60068
69788806,5.60181
70294559,5.60239
69882751,5.60832
70345744,5.61
70733020,5.65819
70486524,5.66849
70660054,5.66943
69519671,5.6785
70796565,5.68747
70140360,5.71731
70038146,5.72035
70502136,5.72113
71185700,5.72227
71184168,5.727
71137811,5.73718
69608485,5.73939
68540355,5.73989
70261821,5.73995
70768291,5.77215
69311743,5.78497
251515,5.78536
70605558,5.78536
70464289,5.80347
70274290,5.81196
70694730,5.81196
69860716,5.81487
69925496,5.82342
68644459,5.82486
70775784,5.83266
70562182,5.83432
70496216,5.83992
70969978,5.84
69635723,5.84343
70518827,5.8445
70587219,5.8496
70784904,5.85183
69538168,5.85423
248937,5.85512
348345,5.87223
70595542,5.8806
71201668,5.88096
70805987,5.8828
71151744,5.90104
70376645,5.91255
71166251,5.9241
68437589,5.92788
71186769,5.92792
294126,5.9301
251941,5.93645
294848,5.9478
70855080,5.96631
70633116,5.96841
70848152,5.97727
68577952,5.98113
309267,5.98771
69537595,6.00954
70712569,6.01294
70479582,6.02102
71119540,6.02162
69695207,6.03665
70329003,6.04583
70722266,6.04658
70680225,6.05813
70522641,6.06381
70750332,6.06432
68822919,6.07428
70620557,6.07806
70857524,6.08178
70731791,6.0837
307680,6.084
70517656,6.08911
293349,6.08931
69194557,6.09706
70914803,6.0979
69744084,6.13293
70639383,6.1342
69286550,6.13455
70480263,6.14367
312691,6.14753
71196281,6.15268
70896983,6.15366
70953175,6.16225
69243893,6.17825
70167898,6.18291
70468451,6.18649
71001211,6.19204
71033868,6.19206
70607753,6.20263
71048133,6.20687
70617474,6.22204
70601197,6.23994
70768774,6.25995
69958622,6.26014
252549,6.2632
68452435,6.26385
254289,6.26943
69459954,6.28433
69778852,6.28528
70228897,6.29249
69737857,6.30205
71195185,6.30212
70687926,6.3056
68638807,6.30617
70934367,6.30701
70722147,6.30785
71166226,6.30865
70765347,6.31216
69531777,6.32458
71002777,6.33083
71219164,6.33688
70780000,6.34228
70912697,6.34713
284367,6.34825
71062679,6.35051
69101726,6.3611
71240262,6.36793
70830658,6.37516
70689196,6.37856
69917939,6.38114
70497022,6.39137
70773465,6.39557
69751817,6.40595
310803,6.42379
68616527,6.42662
70953011,6.42848
69352766,6.43255
70806027,6.43412
70194385,6.4505
71086779,6.45197
68967854,6.45977
71033891,6.46662
69782059,6.50998
71209435,6.512
68454972,6.52184
71184260,6.5353
70881927,6.54169
70179183,6.55277
70616144,6.55931
68616519,6.56823
70157349,6.57747
69868631,6.58355
70970914,6.58733
279900,6.59548
70521540,6.5994
70803278,6.60973
71180868,6.61804
70944993,6.61863
70239255,6.62496
70815963,6.62865
70936165,6.62996
70642472,6.66315
70450427,6.6647
71139564,6.6658
70815111,6.67125
69601138,6.67425
70944910,6.689
70502387,6.69683
68487506,6.7108
70812518,6.71348
69795058,6.71362
69424525,6.7267
71086729,6.729
269768,6.73378
70625608,6.73648
70223826,6.73677
71060294,6.74681
70963754,6.75129
70159495,6.75305
70443108,6.75324
70733464,6.75621
69822772,6.78377
71155339,6.78673
70827129,6.7875
70733430,6.78807
70336448,6.78944
70941182,6.79638
69980115,6.8135
71070846,6.8325
70775873,6.84425
279113,6.85716
325375,6.86037
70420905,6.87133
70654513,6.87133
68778074,6.87684
70768346,6.87973
254672,6.87993
68442721,6.88898
68518248,6.89306
69770953,6.90567
70094474,6.91111
71150729,6.912
71017485,6.93253
70864737,6.93529
70928958,6.93559
69673160,6.94177
69345468,6.94426
70448103,6.94542
69834557,6.94655
68454976,6.95317
68508984,6.96455
257284,6.98213
69970524,6.98858
69928202,6.9899
70449896,6.99786
70894257,7.02903
70609428,7.03673
69915005,7.0386
71195895,7.04206
71006317,7.04318
255033,7.04555
69261210,7.04907
71173039,7.05
70273228,7.05184
69049936,7.06048
70011337,7.06274
70244358,7.07135
71054077,7.0761
70357316,7.07847
68668290,7.096
70195789,7.10775
69355682,7.1361
69920158,7.14445
70000050,7.14805
70659478,7.16039
70800599,7.16622
70335889,7.16835
70642019,7.16842
70902275,7.1807
70565311,7.18823
70713408,7.191
71213414,7.2007
70279462,7.20858
71221703,7.21208
71165704,7.21265
71194280,7.224
70350012,7.22794
70711282,7.2289
70999109,7.23135
251388,7.23386
293512,7.24036
297711,7.24556
248208,7.274
68661350,7.27604
70150379,7.28038
70967695,7.2849
71029285,7.28865
70924300,7.2952
69660898,7.29554
71146502,7.3082
70092929,7.32756
70503508,7.32795
69728984,7.34197
69827035,7.35776
70607227,7.36461
69556581,7.36577
343728,7.3711
71000786,7.37735
70297227,7.3879
69886720,7.39405
69491185,7.39508
69316237,7.39555
70914241,7.40444
69869780,7.42997
70097648,7.46827
68517299,7.47473
71047016,7.47598
249031,7.48745
70845024,7.49
68572850,7.52521
71138609,7.53459
70415390,7.53712
71233249,7.5401
70217915,7.55689
69797070,7.56065
71122012,7.56407
71189829,7.56603
70946192,7.56655
70005543,7.57084
70103531,7.57938
68824557,7.58
70584350,7.58893
68498637,7.60227
70476210,7.60744
70639302,7.61208
68525593,7.61657
70493330,7.62044
69776757,7.62063
70131922,7.6298
70654532,7.63408
70507395,7.63564
70767724,7.64664
70974768,7.65009
70907387,7.66628
70835348,7.67417
71104101,7.67745
70765284,7.70109
70597957,7.70154
70456623,7.71165
70903700,7.73568
69835230,7.76692
71240333,7.7939
70982683,7.795
69525338,7.79615
71059636,7.80166
70225446,7.80678
70817047,7.80782
70601320,7.818
69972922,7.82113
71028600,7.8298
295778,7.83106
70748197,7.83558
69345903,7.85762
71066960,7.8619
70397329,7.8628
289280,7.867
70895615,7.87107
70096240,7.8779
70706239,7.87972
70880963,7.88315
278938,7.90737
70053183,7.9081
71105454,7.91974
70930286,7.92232
71044662,7.93542
69967354,7.95848
70086153,7.95994
69402553,7.96084
70112503,7.96604
70481766,7.97028
69988394,7.97974
70229019,7.98466
70594061,7.98668
268373,7.99139
255539,7.99365
69928418,8.00173
71203746,8.00706
70871644,8.01704
69609191,8.03455
71171585,8.03624
70796555,8.03929
71202345,8.0458
70186675,8.04904
69046417,8.05561
71156766,8.05895
69070869,8.08408
69719570,8.0843
70074381,8.0905
70842550,8.10646
68909097,8.1237
316007,8.12535
69555006,8.15455
70225764,8.16065
70628549,8.16515
70993789,8.179
268117,8.17984
71231304,8.18752
71127101,8.18948
71130386,8.19059
70617414,8.1975
70765340,8.2056
68596972,8.20833
71191625,8.21886
69791170,8.22169
69405732,8.2273
70101238,8.23901
71093762,8.2565
70416572,8.25682
70651435,8.25958
70576503,8.26883
71001282,8.29442
69363549,8.30201
69368266,8.31784
69468311,8.32943
250699,8.34133
70970115,8.34314
71131798,8.3729
70496266,8.3931
69763872,8.42286
70736381,8.43169
70764148,8.43922
70325999,8.45469
256189,8.45825
70932840,8.4615
68450324,8.47597
70933347,8.47825
69647372,8.49547
69789414,8.49724
70596622,8.49899
70485780,8.50586
71070013,8.51983
70077096,8.52084
70455033,8.52126
70921511,8.54085
70352921,8.5974
69855615,8.62364
69920250,8.63028
70193277,8.63113
70265261,8.64934
70166523,8.681
69635265,8.68164
70669144,8.68448
68574372,8.68683
71017004,8.69908
70345104,8.70081
253125,8.71081
70835952,8.7348
70661756,8.7377
70189958,8.7437
70608962,8.75086
69056407,8.75825
70422991,8.7618
71174419,8.7638
69570754,8.76425
70355913,8.7702
71170979,8.77502
70943005,8.77827
69051558,8.8039
248920,8.80978
71118372,8.82255
70001360,8.82943
70528241,8.83265
317451,8.84135
70335176,8.84249
70132004,8.85175
70614420,8.86191
70570377,8.86296
70461326,8.86502
70746809,8.8653
70638667,8.8672
70502548,8.89306
71217859,8.91208
70483861,8.91317
70825856,8.91617
68622580,8.92295
70952099,8.93027
70583815,8.93265
70015762,8.93576
70617896,8.94679
71127364,8.975
70645096,9.00197
70978321,9.02857
70877823,9.03375
69712825,9.04843
68597598,9.0501
70151971,9.05114
68616424,9.07439
254681,9.0773
69728593,9.07764
70266308,9.07946
70080408,9.09351
70749866,9.09527
69882884,9.09747
70906311,9.10721
70804816,9.12209
71116980,9.12234
70079701,9.12258
70633063,9.1276
323322,9.13085
70424277,9.13105
71028479,9.13188
255295,9.14703
70580260,9.1674
69711514,9.16985
70288803,9.17403
70404612,9.18666
70664729,9.20238
70997583,9.20789
278533,9.22904
69736908,9.24022
71196425,9.24226
69696501,9.25041
69701689,9.26565
70167004,9.27756
69743742,9.27761
70356404,9.2821
69197223,9.28737
69705082,9.29752
70158791,9.302
69910611,9.3262
70193366,9.33112
70189496,9.33565
70753386,9.3464
70762531,9.35075
71206904,9.36775
71017979,9.37129
69806707,9.38583
70691738,9.3892
69563174,9.39068
70107284,9.40749
70968242,9.42062
69900868,9.42109
70511546,9.42135
257423,9.46789
70399271,9.4735
71193533,9.49093
68977090,9.49861
70162732,9.51373
71066097,9.53165
70005982,9.53514
70219103,9.53653
69623454,9.5457
70005192,9.54574
69295665,9.5492
70398666,9.55988
70859009,9.57112
68663668,9.57773
311936,9.58039
71128776,9.58591
70970924,9.59156
70935314,9.60486
70664765,9.61492
70664419,9.63473
70650702,9.64719
70642009,9.6945
249088,9.71201
69915672,9.7206
70921398,9.73778
71089806,9.75539
70701073,9.7573
70453567,9.75945
70394673,9.77765
69962736,9.78145
70947896,9.8053
70485665,9.81063
70350018,9.81562
69824660,9.81614
71063399,9.82153
70763041,9.82446
71123005,9.82562
69839249,9.83152
71091394,9.84373
70832826,9.85335
70238961,9.86702
70031396,9.89249
70936201,9.90485
69755059,9.90507
68605012,9.90978
69952487,9.92155
70493292,9.92179
70032605,9.9293
69407455,9.93135
70190679,9.93821
71024734,9.95415
70131314,9.95475
70873034,9.9587
69452277,9.9633
70073825,9.96394
297244,9.9758
70749447,9.9815
70710726,9.98784
343740,9.991
70600142,9.999
70663236,10.0161
69978022,10.02232
70462294,10.04023
69872372,10.06427
69918488,10.07692
70787614,10.07699
69080268,10.08121
69674459,10.0837
71198555,10.08449
71090913,10.09611
70407594,10.09735
69557566,10.11004
70955215,10.16308
70812938,10.16466
69763500,10.16804
70121943,10.18541
70095419,10.19237
70592769,10.20095
71106210,10.22334
69506434,10.23502
70817062,10.27327
70750948,10.27494
70998783,10.2822
69978829,10.283
70807223,10.28948
69841859,10.294
70871808,10.31217
70454633,10.33833
253260,10.35211
70589006,10.40539
68686022,10.47115
70082983,10.4779
70559314,10.49289
70397031,10.49893
70330088,10.50673
68766041,10.5068
70815971,10.52442
70340730,10.54048
299259,10.55586
70974956,10.57492
69128999,10.58394
70659455,10.5877
70935095,10.60367
70504483,10.60426
71195576,10.6073
71214662,10.6124
70376254,10.62002
69238447,10.63005
69079647,10.63035
69571059,10.6499
70004066,10.66469
71202807,10.69643
71142636,10.70347
70422424,10.70742
70572479,10.7083
70992276,10.72842
69720367,10.76933
70186156,10.82616
71059732,10.82767
254603,10.82949
69869716,10.83135
69346505,10.83344
70659452,10.84923
71091798,10.89799
70745812,10.92
71175881,10.95093
70821717,10.9716
71153517,10.97643
70859327,10.9994
70610907,11.02747
71213583,11.02997
70204988,11.03588
68520313,11.04589
70714494,11.07412
71086829,11.07461
70849577,11.07739
70089791,11.08144
70828012,11.0885
70565854,11.10032
346083,11.11094
70714421,11.11824
70697188,11.1245
330905,11.17116
69839272,11.2119
70714547,11.21654
71089720,11.22191
71174398,11.25339
69594097,11.2707
69821883,11.27769
71172613,11.35395
70948351,11.37155
70594953,11.42002
71055985,11.42619
69431189,11.42796
70507446,11.44172
71059568,11.44249
71200256,11.4668
70685746,11.4758
70954042,11.49946
69539666,11.50861
305296,11.51375
70697265,11.52325
70936887,11.52325
71162857,11.55133
69640396,11.55265
278970,11.56307
70649847,11.5817
70199396,11.58316
315433,11.6017
69834509,11.62255
70806411,11.62317
71129282,11.665
70335369,11.7
267220,11.70438
250973,11.70929
70663276,11.71473
71188374,11.71601
70999217,11.72211
71107807,11.72356
70608370,11.74459
70784133,11.75969
71234420,11.796
257409,11.8251
71208599,11.82798
70732901,11.82981
70892485,11.84423
70119193,11.85673
70727366,11.88145
68539627,11.88509
70722604,11.90491
69486075,11.91538
71152493,11.91954
71200346,11.97154
70496121,11.97521
70507416,11.98558
70984037,12.00577
69535712,12.01458
70986168,12.02202
253254,12.0372
70709919,12.04653
70855815,12.05179
70458916,12.086
70115111,12.09743
70154204,12.10661
70472360,12.11913
69881422,12.1459
70636353,12.16033
70840153,12.16635
70309097,12.18553
266879,12.19056
70576344,12.20808
70982684,12.23035
299966,12.23114
69568446,12.2669
71127809,12.27203
70990071,12.27745
70948604,12.30128
70256102,12.30879
70411207,12.32988
69456324,12.33159
70453510,12.35571
70174072,12.3594
68577373,12.3773
70792537,12.41235
69469871,12.41406
71173898,12.42838
69675354,12.44034
71153655,12.44796
70261178,12.46658
70410322,12.47927
309048,12.48484
309337,12.50589
69757802,12.50779
70354300,12.51091
70177727,12.5214
71151239,12.52265
69854838,12.54647
71017889,12.55359
71144836,12.56248
71138585,12.58062
70950032,12.58454
70579078,12.59297
342823,12.59646
69735039,12.61887
70995683,12.62004
71112046,12.63679
71128163,12.66537
68982498,12.68521
69539356,12.69865
69892070,12.70909
70827496,12.70961
68688696,12.7195
253411,12.72077
68678024,12.732
71197976,12.7434
71005022,12.74826
285390,12.79566
71186818,12.80768
252569,12.8085
70088726,12.84652
69696462,12.84684
70998385,12.8638
69657506,12.88251
69640092,12.8942
70578145,12.91475
70416027,12.92246
70890598,12.93332
248980,12.94191
70908889,12.98248
250814,12.98369
71026812,12.9879
248067,12.9935
69065366,12.99913
70673855,13.00125
70676033,13.00395
336994,13.00871
70881885,13.00941
70888035,13.02941
71218516,13.04834
68499291,13.0655
69910727,13.0831
69637235,13.10735
69198310,13.11777
71031157,13.12361
71121587,13.12597
70117908,13.13324
68864985,13.134
71117942,13.16299
69838884,13.17
71030943,13.17515
69326146,13.17847
70286550,13.18476
70773476,13.20801
249507,13.21436
71181892,13.25456
70191336,13.25765
69981883,13.27544
69659729,13.29363
71015129,13.32123
69841476,13.39242
70756627,13.39258
70870210,13.393
71029702,13.44676
69555254,13.46171
70773956,13.46757
69777145,13.48105
69910688,13.507
248825,13.5215
70512911,13.55378
70665791,13.5546
70604518,13.55922
70313916,13.56384
71048636,13.56764
70449535,13.581
69471895,13.60089
70111597,13.60629
70784166,13.61041
71051835,13.62397
70574695,13.63429
70654925,13.69215
69720982,13.69521
70236788,13.73388
252918,13.74074
312622,13.74094
256116,13.74236
70802876,13.74758
71229334,13.76532
69627192,13.76821
70102090,13.7988
71107941,13.80352
70312912,13.80844
70597112,13.82805
69889886,13.8326
70607353,13.85733
70683031,13.87645
71206598,13.87838
71022793,13.88063
70235096,13.88873
70228072,13.90285
71166883,13.93521
68597720,13.95865
250714,13.96684
70075435,13.97392
71198696,13.97688
69381695,13.99945
70313249,14.00368
70526906,14.03962
69873606,14.0498
70976344,14.06142
69758592,14.0702
71028989,14.12786
70733410,14.14593
69749517,14.18496
70911636,14.18638
70853640,14.18759
347446,14.20519
70997439,14.22482
70893838,14.22695
70353105,14.23515
69630432,14.26686
70626679,14.26811
71043628,14.32212
70560848,14.35525
71041743,14.35528
69790500,14.37623
70410368,14.37732
70997648,14.39357
69703813,14.39769
70425539,14.41393
71086755,14.41394
70870164,14.41471
70458452,14.46487
70215752,14.4847
71188007,14.5065
71139549,14.53573
70474153,14.55213
70932497,14.58059
68475376,14.65489
70931195,14.67483
70701070,14.68224
69570477,14.7265
69328089,14.73115
69839631,14.74341
70251050,14.768
71216251,14.78575
70924299,14.7881
69079470,14.81465
70094446,14.81555
70938187,14.83694
250218,14.87433
68528433,14.87631
70224304,14.95623
70001789,14.97037
70494616,14.97637
70709933,14.98176
248223,14.99568
70604534,15.00453
70406384,15.01908
70026409,15.0266
70452493,15.04557
70872279,15.0474
68503364,15.10437
71031777,15.10957
70424720,15.12612
69967389,15.12769
251896,15.13118
71088979,15.147
69999136,15.16969
70179159,15.20932
68835177,15.22989
71166230,15.26481
69311764,15.27271
68522343,15.28355
70457799,15.29076
69914036,15.29247
71183286,15.31204
69765369,15.32895
70745458,15.38815
320758,15.44974
71048173,15.46557
69420292,15.47918
70712903,15.4862
252119,15.5294
254896,15.53064
69729902,15.5475
70715726,15.5482
69639384,15.56191
70573588,15.58916
68696070,15.65414
70204402,15.66271
71212809,15.66849
68864357,15.6692
68689906,15.69403
69628562,15.71914
69237197,15.7226
71169037,15.76481
70412074,15.7724
70342746,15.7768
70791185,15.79163
71103902,15.8
69556821,15.86349
70979190,15.9306
71202845,15.95283
69872051,15.97299
70088371,15.98147
70690842,15.98503
71130203,15.9877
70911319,15.99431
71089821,16.00724
70336464,16.04874
70033464,16.05116
70906801,16.06827
69253495,16.12635
68638034,16.20331
71090000,16.20391
70463162,16.24859
71200884,16.33494
70329102,16.33626
70802251,16.34422
71169097,16.3528
69776113,16.39021
70670186,16.39469
70751555,16.39482
70825891,16.42701
70701592,16.52942
71142227,16.5456
70356944,16.55117
255183,16.55625
69669024,16.56468
69195635,16.57898
308154,16.58919
70457688,16.62985
70309184,16.66277
69285970,16.66432
70374019,16.68844
70865873,16.70546
69799477,16.72523
70597206,16.72888
71057747,16.73891
69670727,16.73978
70252095,16.78864
71049909,16.81376
69619786,16.81674
71023582,16.85578
70703433,16.8782
71010872,16.88143
70051643,16.9647
70122495,16.99642
70646555,16.99794
70280553,17.01366
69486013,17.08711
69736088,17.10455
69917847,17.11639
70941235,17.13396
70700980,17.13551
70711727,17.14349
70011363,17.16693
71143158,17.17621
70415275,17.18769
70971431,17.19257
70485096,17.19556
70699040,17.22051
70073797,17.23138
68637621,17.30922
71015639,17.31491
69522099,17.3165
69253480,17.32841
69090835,17.42364
71177609,17.4323
70890214,17.4481
70210400,17.47598
71181434,17.479
69981911,17.48846
69594103,17.49249
70652021,17.52304
71047581,17.5838
69638810,17.58616
69831383,17.59357
71056109,17.61967
70242230,17.61996
70952467,17.62996
70686468,17.63224
69906392,17.65775
71149634,17.67723
70354757,17.70203
70609912,17.7185
70595558,17.721
70749485,17.74112
70462337,17.80113
70187777,17.81395
70825886,17.81983
70079801,17.87533
70785005,17.92614
70403236,17.94815
68651931,17.95197
70996284,17.95262
70992903,17.95279
70167123,17.96243
70877208,17.99533
70424340,18.0125
70827054,18.06639
71114935,18.10359
70725164,18.1448
70586099,18.16002
70422099,18.16485
70459820,18.17519
68660458,18.18501
70093373,18.19817
70805413,18.21127
69122195,18.2174
70518791,18.23913
71086923,18.24702
70352924,18.256
70642482,18.28891
70758165,18.3914
70054889,18.3986
288597,18.40132
70213915,18.43821
69777542,18.45813
253916,18.46382
71156842,18.4648
71090406,18.4718
71046973,18.48168
70750959,18.48951
70880985,18.50882
70769598,18.51908
70458934,18.55159
70995638,18.57179
267646,18.57424
71150118,18.62658
70237160,18.66344
70791630,18.67087
70469088,18.67987
69676427,18.71885
69654253,18.73526
71020357,18.74175
70564887,18.75153
69842301,18.76397
70188415,18.78501
68816774,18.81504
71145954,18.86096
71175724,18.87924
70522062,18.94874
70996780,18.99117
71066605,19.04496
68808597,19.04588
70832871,19.07261
68793086,19.13852
71150240,19.1616
71063967,19.16773
71149612,19.18877
70455042,19.21516
70866293,19.21552
70945750,19.21843
70686384,19.22596
71100155,19.23767
252883,19.24002
68777670,19.29941
71161770,19.30836
70825151,19.35346
70080739,19.38395
70939385,19.3876
70450781,19.42945
70752574,19.45923
70090173,19.48251
69670146,19.50377
68598673,19.50432
304471,19.51322
70696632,19.57943
71104021,19.5841
250242,19.59324
70617456,19.59401
70794132,19.61706
69594053,19.68498
69359914,19.706
71133363,19.72447
70941527,19.73354
70072484,19.74685
70868960,19.74797
71202215,19.74816
69884425,19.74963
70878625,19.75487
69486070,19.7657
71148772,19.81595
69874543,19.83541
71069887,19.87371
70596006,19.87484
71018523,19.88127
69427682,19.90208
70898181,19.9056
68813027,19.93246
69698203,19.93477
71082800,19.96428
248914,19.96459
70861029,19.98575
71181394,19.98595
70072100,20.05146
69900539,20.05848
70952136,20.12916
70031572,20.21508
71183261,20.27279
71116764,20.27979
71154629,20.31771
71206229,20.32195
69747161,20.32975
68863647,20.34971
69982380,20.35893
70316246,20.37107
71051355,20.42019
68743727,20.42444
71207015,20.4269
313034,20.44659
71039782,20.45158
251699,20.49711
68659685,20.50068
71116723,20.52573
70257897,20.54943
252590,20.55844
70374915,20.6626
70326531,20.70488
70935433,20.7285
70354256,20.76386
70419097,20.79949
70580162,20.85005
70797691,20.87084
70583666,20.87731
69525318,20.88721
70040115,20.89206
70257282,20.92431
70577445,20.9367
70102122,20.94499
69114300,20.96191
71188808,21.00274
70432907,21.02521
69738287,21.16991
69673688,21.18053
286290,21.19006
71026722,21.19398
70894757,21.19561
70150774,21.2028
68471222,21.22417
71185341,21.24875
69109874,21.27037
69050346,21.4212
70502114,21.4471
71089454,21.44903
70877902,21.46009
71140637,21.47195
70629633,21.49221
70712521,21.5143
71196726,21.51809
69125383,21.53715
70085071,21.53958
70833840,21.56167
70575847,21.56626
70397843,21.60742
69855861,21.62018
70453464,21.65328
70794038,21.69447
317700,21.76728
69567675,21.83045
70866257,21.84798
70864717,21.85301
70791180,21.85598
324900,21.9486
69840659,21.9757
70494861,22.01894
68858891,22.03499
68457274,22.0638
70407814,22.06389
69534315,22.07015
70760927,22.08363
70901495,22.14015
336797,22.16708
69881729,22.18
71123981,22.24451
70874202,22.27539
70269166,22.33651
311283,22.3511
70473554,22.36454
70935599,22.36771
69668636,22.45273
69533968,22.5
70376624,22.50055
70576705,22.5055
342934,22.56542
70893880,22.56753
71090328,22.57468
70285629,22.57603
71157759,22.57604
70941117,22.58539
70903735,22.72278
71224800,22.7548
70692199,22.77238
70183683,22.77572
70172414,22.79637
71182705,22.81417
70897623,22.92836
255897,22.98797
71096425,23.00415
71030877,23.09004
70916499,23.09729
70450809,23.09952
68815722,23.13547
71000755,23.14534
70081819,23.14603
70148833,23.14679
71210531,23.27568
71226225,23.28849
70852053,23.2982
70984049,23.30327
70925352,23.32873
71048162,23.33505
70319125,23.3568
71174450,23.3643
71033859,23.42168
70242790,23.43656
341269,23.44157
70492009,23.48281
70667744,23.50684
71195564,23.51811
71043478,23.52424
69391108,23.5461
69089468,23.56968
69416699,23.6335
296497,23.64084
69340475,23.66956
255149,23.68332
68573473,23.7434
69834075,23.7581
70111652,23.76765
70432921,23.79911
70702931,23.80478
69424957,23.82064
70121451,23.85224
71164993,23.86841
70252900,23.93478
68823309,23.9724
70331889,23.97357
69526543,24.00069
69872023,24.00359
68824882,24.0593
69712777,24.06194
69972058,24.08428
71049786,24.08966
71192914,24.11041
70228159,24.12162
69524158,24.22537
68539095,24.2261
70428576,24.23066
70081414,24.2882
70734179,24.32746
69525820,24.33298
254517,24.37549
71084990,24.37735
266065,24.41577
70096007,24.47893
69925801,24.57835
71114981,24.60452
69793320,24.66178
69985816,24.66896
70941139,24.70795
253519,24.72641
70937009,24.7509
68693682,24.76433
68676569,24.83851
250320,24.86056
70475154,24.87576
71164293,24.9052
70798193,24.97145
70514671,25.03341
71106393,25.06248
251669,25.09184
69660224,25.18833
70299181,25.19737
70791138,25.24204
68461958,25.27728
70299282,25.30018
70691792,25.34185
69918501,25.36725
69087584,25.51055
68598105,25.51622
69940471,25.55988
68609372,25.56912
70995723,25.62043
70376610,25.62074
70000109,25.6652
250993,25.67974
68826136,25.69481
255015,25.70866
70999150,25.77695
70652749,25.78426
70716313,25.80132
70004410,25.80564
69522873,25.87676
70685584,25.91342
70334543,25.99949
71125493,26.00869
70947481,26.13275
69485123,26.16897
71058397,26.24506
70964725,26.31126
69647651,26.32066
271659,26.43033
69398763,26.47221
69974023,26.47776
71061520,26.50975
70905787,26.51063
71058317,26.52668
69179605,26.59605
70752507,26.68908
70176143,26.72525
71010232,26.74318
70092370,26.8096
69152778,26.85679
70054921,26.89916
284612,26.92217
327843,26.92598
70801582,26.9449
71172212,26.9706
70123611,27.08182
70573632,27.09282
71227885,27.20689
252593,27.2104
297065,27.30652
71063275,27.31489
69606176,27.33201
70786853,27.37136
71151780,27.37871
70995742,27.4164
68630907,27.42766
70585690,27.5267
71145436,27.53513
70758152,27.54906
70175057,27.60105
69825081,27.74538
69236731,27.82644
70644137,27.83699
70823371,27.85002
71142276,27.86852
70856737,27.94521
69730337,28.0238
254552,28.02773
317923,28.03556
70880022,28.09727
253859,28.13132
69957955,28.18526
68677245,28.20096
70335306,28.22269
69967166,28.30961
71117945,28.32704
70571506,28.35778
332096,28.36666
70954151,28.37515
280462,28.38031
268683,28.40452
69746494,28.416
70019625,28.42804
70354188,28.43798
71057806,28.45739
68821269,28.49311
70783292,28.50959
70101552,28.54124
71057847,28.54653
70518674,28.56667
70658516,28.63387
70892532,28.65045
69960500,28.67994
270632,28.78355
70876204,28.78407
69844982,28.81491
70955188,28.83002
69779750,28.90892
71188733,28.94397
70983863,28.98313
69782691,28.99425
70420223,29.00417
68581735,29.0079
71146499,29.01065
70887905,29.02856
70290852,29.03007
249130,29.05561
69601873,29.10273
70966484,29.11728
70629090,29.21515
70825887,29.25175
250744,29.265
70639207,29.2841
69786304,29.3125
70272905,29.34488
70405966,29.35332
70950568,29.35834
69606214,29.3796
70509476,29.39986
70893038,29.40694
69120741,29.41731
69879556,29.44477
69413273,29.45743
70239294,29.48208
71207147,29.5139
68445579,29.51397
339170,29.56851
70474124,29.58448
69327612,29.67265
71085004,29.68305
69438345,29.71744
70732839,29.79686
70711765,29.92378
71034421,29.94778
70617569,30.11122
250108,30.14549
69697715,30.1654
340958,30.19161
70919966,30.19704
70758798,30.20635
70749541,30.21215
70238585,30.28861
70800124,30.29237
69794182,30.29337
70004460,30.36918
70972798,30.3743
70921474,30.51203
70890159,30.52069
70397341,30.52248
70478582,30.58171
68874383,30.61053
70478579,30.67671
69962748,30.69921
70680268,30.72125
346801,30.74079
69870909,30.78119
70936036,30.78616
70732460,30.81946
70622139,30.86155
70133379,30.90496
70664668,30.9154
70193602,30.95931
70215653,30.98699
69746514,31.033
70855104,31.03975
70336980,31.07335
338389,31.1093
71072539,31.1112
70801057,31.12116
70909144,31.12904
70154759,31.14855
70795230,31.15992
70782815,31.18038
70689627,31.1924
70280116,31.19712
71061111,31.20073
70782502,31.21205
71019856,31.21507
71127451,31.2413
71142249,31.24858
69856655,31.25164
70745408,31.26533
70731870,31.33105
70169675,31.34656
69951635,31.40056
69424575,31.43008
70130821,31.47385
70773434,31.5251
70808618,31.56343
71091868,31.59567
252050,31.61344
71047037,31.63449
70567653,31.66777
70946881,31.7674
71052623,31.79
342674,31.82217
68605401,31.94823
70817118,31.97905
68502658,32.02929
70203807,32.05257
70315951,32.21712
71114150,32.2415
70940848,32.2748
70906269,32.28107
70203988,32.28348
70804839,32.28719
70360156,32.34134
68461937,32.35184
71154636,32.37461
70722143,32.39883
70940857,32.40128
71108875,32.49426
69496066,32.50653
70999136,32.56636
71156322,32.56979
70641969,32.57609
70500986,32.69509
70792140,32.75921
70491043,32.79667
69790537,32.90411
70964828,32.92518
70893938,32.92743
69734921,32.96333
69636109,32.99858
69539684,33.045
70938795,33.05768
70609929,33.09747
69592000,33.13935
69107268,33.22954
70114495,33.33755
70517089,33.42204
70267334,33.43912
70975589,33.51792
253384,33.52095
70037207,33.56681
70992017,33.56959
70174901,33.62607
70682201,33.65124
69434188,33.67205
68468784,33.6944
71119008,33.98069
70174200,34.02905
70723125,34.13985
69174883,34.15628
70733478,34.18037
70687982,34.24258
70478976,34.26704
68636267,34.27335
340396,34.29239
71087539,34.43191
71126105,34.52656
70598360,34.7056
70205460,34.70956
69845308,34.70998
70774625,34.73665
70211588,34.77408
71012386,34.7884
71001928,34.82125
71190335,34.83831
70297208,34.86259
71062674,34.87642
70979849,34.90346
70692781,34.94883
70711396,34.96701
70418292,34.9713
70854312,35.0142
267816,35.03581
70803215,35.05842
70938093,35.11087
70834561,35.15953
69946499,35.18072
70920518,35.18597
70724514,35.26193
70996592,35.2736
69274646,35.30189
317079,35.35095
70567634,35.41419
70487161,35.41987
69200804,35.43786
70124446,35.44474
68586422,35.61538
253216,35.62931
70409548,35.64521
68596778,35.7284
69413361,35.73401
71085635,35.74041
70779565,35.79739
70838676,35.83252
70911252,35.84589
71042035,35.88801
70462265,35.89197
70826984,35.95327
70607816,36.01065
69625383,36.04504
69853091,36.15268
71129333,36.17685
70462992,36.20047
70301989,36.36529
70669250,36.38893
70576820,36.41567
70640013,36.42
70931342,36.44346
70685786,36.51158
70102112,36.56335
329266,36.56588
70779363,36.58933
69770657,36.76971
70610502,36.79476
70039146,36.85786
71034633,36.87308
71216249,36.88433
69089966,36.945
70121447,36.95076
68596444,36.98585
69737225,36.9892
295737,37.00127
70686434,37.137
70348229,37.14493
69779378,37.15569
70798749,37.28776
70732571,37.3575
253696,37.43785
70526930,37.52898
69571187,37.55917
70333641,37.62623
71048642,37.67029
70801682,37.68058
71172698,37.74951
69562000,37.78399
70010922,37.90527
70797662,37.92371
70156706,38.00579
69961509,38.07555
69757816,38.08089
70597653,38.11717
70468556,38.1491
70502129,38.15387
70067868,38.24205
71230659,38.292
70502783,38.31654
292923,38.32315
70665846,38.34862
70204588,38.40685
70970997,38.41587
70947407,38.43349
254438,38.45596
69770968,38.48633
68659086,38.58184
70824057,38.60092
71024034,38.61582
70094862,38.67425
70784570,38.71218
69659762,38.8157
70430747,38.83557
69329314,38.85092
70827123,38.88815
69925150,39.00077
70115014,39.14589
314704,39.14665
70231438,39.16745
70135240,39.18815
70795114,39.28365
71185689,39.36155
71113183,39.40479
68442945,39.46412
70022071,39.52666
69531351,39.55264
71216195,39.56565
70612038,39.62334
69891623,39.63636
70566150,39.64354
71116933,39.6958
68648384,39.708
69496081,39.73701
70680756,39.73717
70528117,39.77974
70080291,39.79018
70767708,39.81679
69653516,39.82561
70500497,39.86522
70463568,39.87088
69745329,40.04837
71045307,40.08341
70786138,40.14251
70879965,40.16981
70601257,40.23589
70801487,40.4127
69506443,40.44327
70831856,40.47841
68679914,40.53128
69967161,40.53708
70579090,40.60361
68508933,40.6771
70868088,40.7106
70030954,40.71955
71052730,40.77725
69697742,40.79559
70491911,40.87155
68480999,40.98169
70785320,41.07778
301293,41.14274
69243902,41.23276
69984752,41.2925
70170088,41.34145
70716324,41.37582
70624746,41.43332
70906715,41.43949
70670663,41.44446
252888,41.46845
70676067,41.4732
70613491,41.4923
70759399,41.53593
69882824,41.5456
70606065,41.66016
283197,41.66759
70673881,41.88665
70674304,41.90953
284980,41.91227
70494646,41.97046
70999324,42.0405
70656828,42.04133
291343,42.13405
69838509,42.14993
69699720,42.1524
70831928,42.18502
71035089,42.244
70848234,42.26067
71101368,42.28797
69711818,42.32993
69425408,42.39919
70948355,42.50011
70798146,42.50026
70773332,42.51676
70983827,42.62983
70865644,42.8495
70680219,42.86387
248057,42.87069
70941074,42.965
70020779,42.98299
70917117,42.9878
70745358,43.026
68526589,43.02833
69721335,43.07358
68646013,43.09581
70765863,43.12972
70910150,43.18933
70924197,43.24704
69660781,43.35137
69922319,43.4049
70248503,43.41701
257450,43.47655
70401431,43.51706
278690,43.58115
70100255,43.5882
70246596,43.59587
69567208,43.63146
70106035,43.63753
70223244,43.66696
68661955,43.67448
69534347,43.71955
70292271,43.72339
70794531,43.82252
70503718,43.84792
68661561,43.88915
69420570,43.89014
70609858,43.89953
70839343,44.05071
69929976,44.08625
69121519,44.11148
70494855,44.13593
338531,44.16996
70656013,44.24556
70295671,44.27972
70908781,44.33622
69719827,44.35453
70888743,44.36467
70823923,44.4428
70894717,44.48527
71041820,44.5023
327472,44.51442
71030927,44.5229
69711248,44.55478
349152,44.74749
70356455,44.76155
70230589,44.794
70746946,44.85162
70385568,44.87249
69976686,44.92942
69190729,45.06923
69539448,45.156
70902344,45.16497
70585044,45.2212
69461508,45.37655
69051960,45.39524
266763,45.46107
70029775,45.53134
68813076,45.87247
68443113,45.90017
70983472,45.94213
69834034,45.95781
68763377,45.99982
70238278,46.06364
70937650,46.09184
70907996,46.22335
70434049,46.35603
70774148,46.36155
69845001,46.51454
70718604,46.62247
69640521,46.72912
70481253,46.77002
70204631,46.78383
70034983,46.80496
70764114,46.82515
70783444,46.83319
70009719,46.87189
68513373,46.88028
248829,46.91334
70280570,46.96133
70002561,46.96572
70004127,47.21803
71026805,47.22333
70401407,47.51396
71013748,47.57615
70199349,47.62038
252308,47.63966
69696548,47.67111
70396479,47.74488
68782684,47.75189
70341962,47.83074
71100178,47.84505
71147572,47.87232
70122879,48.02551
69893725,48.12891
69805140,48.18049
71034894,48.36
70222639,48.39578
70517594,48.41292
70430308,48.45342
70947523,48.4875
71121960,48.55998
70588373,48.59525
70087812,48.65042
69722169,48.67084
70860085,48.68121
70229592,48.69663
70606776,48.71235
70907950,48.88315
248524,48.9709
70429942,49.0903
284568,49.14996
70250244,49.1987
70581826,49.20013
70169590,49.23344
70688737,49.24814
70341201,49.35109
70785366,49.47145
70446302,49.50053
254489,49.53427
70525320,49.69798
70420838,49.79501
71093833,49.84939
70805912,49.94532
70080844,49.94642
69824754,49.99506
70448574,50.07246
70752383,50.1292
70414728,50.16132
70768256,50.17879
70283686,50.22775
291176,50.23833
249028,50.36527
70588038,50.39939
70015719,50.41523
68427431,50.45352
70429913,50.50489
71120297,50.57368
305481,50.58952
69838502,50.74878
69872149,50.75272
69607795,50.91568
70946818,50.99684
69639381,51.3595
70605570,51.37766
70720629,51.46766
70998848,51.48715
70710613,51.50136
71022940,51.53115
69855550,51.67343
71063972,51.79076
70906789,51.85899
70586783,51.86018
281308,51.99708
70644554,52.10745
70856523,52.22839
328819,52.29816
69531790,52.40089
69199028,52.40579
298849,52.4429
70011265,52.47202
333941,52.49718
71145570,52.51087
70613525,52.63985
70834483,52.74589
270513,52.80273
70597115,52.98707
69796041,53.0215
70325444,53.14996
70780566,53.361
70474156,53.50629
69523706,53.53592
70419700,53.64474
297054,53.75626
70614866,53.76693
70469624,53.76873
70563697,53.81609
70120159,53.94514
70695335,54.28874
71166701,54.39984
299274,54.44008
70787341,54.47553
69695571,54.52641
71046832,54.62821
70617565,54.64565
68474214,54.69045
71197644,54.71667
70083936,54.73376
70731335,54.79091
70481338,54.8317
70272485,54.84839
70288257,54.9553
71125380,54.97161
69743659,55
70622159,55.00636
253039,55.07567
70428595,55.12676
70156338,55.17439
70352119,55.22557
70242122,55.27977
70338388,55.45954
70473539,55.57366
248572,55.78227
70731355,55.95418
71059609,55.96745
71054044,55.98619
71173398,56.07623
70081783,56.08869
248046,56.19841
69629405,56.31147
70524094,56.34922
68743756,56.445
70225731,56.5206
70604027,56.54584
68581446,56.6351
70973407,56.80204
68473307,56.81213
71094041,56.85805
70079284,57.04509
70975352,57.07982
70802263,57.09963
70599343,57.10518
70680258,57.15559
70746169,57.41919
70510571,57.4956
69856632,57.53176
68510122,57.61079
70103918,57.64024
323268,57.73052
71186746,57.97174
70823926,58.01192
69771238,58.0459
68842191,58.15326
257184,58.28121
336965,58.30589
70720633,58.34625
70140190,58.49562
70630562,58.51368
69167002,58.62608
70415322,58.6802
70496271,58.72857
69858068,58.83032
70277974,58.99617
280284,59.16051
70357359,59.19262
70668536,59.28428
71045414,59.37776
69593187,59.41198
71173534,59.41201
69874669,59.43075
70794083,59.53885
69794265,59.67321
70584912,59.75076
70201389,59.7791
70601754,59.80168
70131864,59.81234
70876593,59.91981
70945725,59.94161
70125100,59.99317
69879852,60.12465
70805409,60.25451
70813524,60.30382
70466928,60.3604
69789708,60.4398
70749274,60.44278
70760998,60.84996
71036933,60.86036
70893855,60.88554
69231081,60.93578
69839336,61.19857
70204520,61.39547
70476223,61.45151
70610495,61.6281
70913763,61.75719
71107194,61.81036
68860132,61.87771
71052630,61.89641
70754324,61.92175
70395606,62.14961
71060328,62.18152
71124812,62.33534
70701083,62.47525
70860490,62.56611
68664209,62.61915
249516,62.68184
257396,62.86764
71006377,62.92763
249086,63.06399
71153647,63.0896
71041734,63.11237
251909,63.13735
71151706,63.18343
70752347,63.22871
70407504,63.48964
70520853,63.64271
70873125,63.66343
70767872,63.67091
70288402,63.75875
70815947,63.77454
69532395,63.79261
70711828,63.79458
70831346,63.79627
69908175,63.79923
70778810,63.92452
70807965,64.05528
69398509,64.10077
70732008,64.11512
70476148,64.2559
68929786,64.34835
70634323,64.463
70827147,64.48709
70767854,64.525
71188819,64.53069
70491030,64.60569
70710703,64.69366
69446509,64.72553
70350763,65.32975
70908507,65.35823
71111413,65.41336
70019112,65.51089
70091988,65.54
316845,65.58387
69706168,65.6471
70190710,65.64725
71089843,65.65896
70803273,65.72928
70817019,65.89641
70834864,65.91789
70938198,65.9373
70752388,65.9434
70642492,65.94933
70360239,66.07133
69795387,66.29811
70221214,66.53102
70722491,66.71399
68476720,66.75794
70094856,66.78161
70996688,66.91963
303792,66.97912
71155516,67.07987
266423,67.09792
71069647,67.19482
70955155,67.22273
70747781,67.33909
70087409,67.41193
70015770,67.42964
71004611,67.49817
70112248,67.55626
70631586,67.55882
70468517,67.64354
70642933,67.88384
70468999,67.96984
70618732,68.0037
70656313,68.00893
286601,68.02196
70888862,68.13275
69834582,68.14952
68651292,68.15949
69374733,68.17334
70474599,68.24146
70631149,68.3095
69757088,68.31927
70236142,68.56343
70841962,68.56883
70824667,68.57595
70928849,68.62316
69825073,68.64383
71042575,68.95612
70596002,69.80919
69909030,69.85081
252545,69.88793
248179,69.98993
70629724,70.05917
69292336,70.09636
68634505,70.10924
70038420,70.18531
69165516,70.29133
71034578,70.31693
71158924,70.85494
70589007,70.97659
71017599,70.98858
68889658,70.99169
293726,71.13537
69376497,71.13835
71111499,71.27691
70411769,71.44107
70673138,71.55515
70250086,71.70105
68607132,71.77591
70086124,71.95915
70603240,72.23664
70165294,72.29763
71093758,72.33998
69694883,72.37395
70800550,72.77365
70254026,72.87012
71172001,72.95328
71190285,73.18209
70595113,73.26345
70513216,73.55675
71132337,73.58747
69772157,73.72995
70525704,73.86915
68834970,73.99742
69824317,74.01014
70734791,74.11242
68525563,74.24563
70832486,74.25235
70460548,74.30798
70163900,74.3312
69970129,74.39028
69667463,74.53974
68484655,74.54204
69645413,74.75118
294106,74.85923
70197729,74.91268
70326460,74.96963
70667714,75.14295
71144132,75.17463
68818885,75.18173
71185727,75.24339
70631767,75.25345
71155306,75.26465
70765309,75.28947
69149254,75.40771
70973644,75.47353
251474,75.47604
70844379,75.56659
69970516,75.6
71096939,75.65406
69709960,75.74494
70623356,75.81622
253278,75.95756
296215,75.99541
70748421,76.12893
70791627,76.23573
70788184,76.32016
69790559,76.33592
69281928,76.42849
70864648,76.44977
254608,76.75449
70409437,76.99632
70751960,77.09332
71048175,77.15911
68799210,77.26517
71189030,77.31935
70864716,77.32642
69517743,77.32929
70659561,77.43695
70658474,77.55066
68657137,77.77428
70816624,78.21414
70697341,78.25974
70761961,78.30525
69745564,78.36932
286256,78.42172
70485155,78.47695
69959684,78.59999
70123022,78.96722
70894630,79.03968
343360,79.19296
71195159,79.362
70499626,79.48955
70134307,79.95491
70602920,80.07116
70073845,80.31279
70612498,80.35919
69972599,80.93491
68463488,80.95353
270083,81.0594
70797588,81.29091
70309243,81.34067
70622128,81.43328
70722267,81.7535
70403503,81.88919
70903157,81.92631
70446232,82.09324
70682998,82.25212
70985617,82.29129
70476661,82.35048
70636295,82.38334
70508925,82.53664
70338985,82.6192
254222,82.84233
70916898,82.97928
70224223,83.22729
70576224,83.57693
70948886,83.68883
71172124,83.70256
70662718,83.73942
70851019,83.76923
248820,84
70278377,84.12011
70358437,84.12134
71132897,84.13801
70847614,84.16324
70938435,84.21123
71113218,84.23495
69976799,84.52071
69946491,84.58196
255898,85.24358
69224975,85.41482
70954184,85.50183
70701574,85.85509
69790478,85.87464
68794265,85.90725
69627880,86.20064
70331897,86.33577
70780590,86.44054
316862,86.62901
69380384,86.74372
69959077,86.96398
70161676,87.0532
70564798,87.42709
70873543,87.45525
248827,87.93571
70639448,88.57849
70174167,88.79867
69470250,88.8402
70097895,89.47436
69636832,89.56048
70329475,89.84173
70784547,89.96553
69970738,90.01673
257292,90.40137
69241198,90.57525
69928405,90.65328
248930,90.83218
71130839,90.90197
69243407,90.97682
70162740,91.01682
70753437,91.03051
69407500,91.08726
71119506,91.18495
69402072,91.3368
70942902,91.37026
69883584,91.51711
70637519,91.64215
70722162,91.81181
70215107,91.97962
70299163,92.17813
70096405,92.98872
69857182,93.10447
70607855,93.37862
71019784,93.76316
69158413,93.86398
69764339,94.37383
69657238,94.4121
70769545,94.54323
70801799,94.87445
70798649,94.92824
70271607,95.01811
71010959,95.36805
69721288,95.62953
70125086,95.79822
68841663,95.84779
70257321,96.33034
69920148,96.33284
70126652,96.39705
70559945,96.41624
71001786,96.50082
68821893,96.57312
68597199,96.67574
69778501,96.91601
70698601,97.04835
69439324,97.10686
70231349,97.11055
70863857,97.25054
70383131,97.36329
69151665,97.66684
70167010,97.67531
249076,97.89465
70094693,97.90318
70843524,98.11111
288141,98.20275
70343655,98.29977
70775445,98.45491
70829205,98.48184
70224262,98.56977
70911709,98.77434
71113803,98.77749
70491092,99.06913
69770286,99.08391
69750748,99.36024
69355637,99.5065
70797632,99.60196
70754804,99.6992
69922672,100.10159
70326005,100.27628
70562099,100.51785
70126574,100.52264
69787772,100.63712
69696119,100.66442
69956062,100.66589
71027807,100.6756
70404517,100.7077
70450769,100.793
70901444,100.83463
69977518,100.96905
70406796,100.99557
69570470,101.07621
71045481,101.21842
70100085,101.24335
70580171,101.3381
70614369,101.42015
71001912,101.49889
311492,101.8257
70351623,101.89619
70214497,102.09679
254111,102.75549
69901455,102.91876
70317594,103.21288
70097590,103.22083
71126275,103.32028
70673589,103.38096
70729756,103.89764
68428948,103.98425
70673175,104.07842
70777239,104.17214
71150185,104.30526
69114369,104.35713
252736,104.49567
70745313,104.71594
70789392,104.93266
70919884,105.15761
70137252,105.48032
70399687,105.65791
71038410,105.68315
255142,105.76246
70865762,105.84549
68434912,106.11296
70839811,106.15876
70922157,106.2912
70247555,106.32483
70914191,106.4095
70401327,106.55864
69835327,106.72113
70632518,107.06382
70923541,107.17939
68821912,107.20059
70755940,107.31906
69538846,107.32534
70642026,107.45449
69557137,107.45557
70859436,107.65988
70774545,107.93489
70287712,107.98468
70765400,108.31462
254786,108.52796
249062,108.55374
70894788,108.65333
70072627,108.77235
306777,108.87664
71151116,109.05511
69437380,109.14563
69655594,109.19955
71129300,109.24857
70620595,109.41093
71044215,109.54963
70901287,109.77361
68581255,109.93766
70998362,110.07621
70466983,110.1024
70607326,110.12709
70908728,110.32989
69539038,110.39875
69788827,110.47901
70202360,110.565
70860487,110.60038
70409924,110.82145
256928,110.82187
71026569,111.67714
71046247,111.71155
69709956,111.96167
69733133,112.01714
70617903,112.29572
68678627,112.37316
71143522,112.42011
68774084,112.69268
70887897,112.86454
70675575,113.1048
68454304,113.13318
71103794,113.14888
70001694,113.17677
71128635,113.3797
69734215,113.40141
70687242,113.43004
70443567,114.20877
68440187,114.37189
69533978,114.43883
70987630,114.6555
70511664,114.71917
69870557,114.78354
69720236,115.35041
70655539,115.54707
248312,115.59646
70890639,115.7227
70444236,116.59353
70608241,116.61598
70696713,116.85681
70574110,116.94942
70826574,117.01234
69925292,117.88541
70251109,118.01541
70606151,118.1264
71200215,118.55252
70407525,118.96142
70758939,119.13086
69499214,119.17969
70991257,119.28664
69925965,119.76041
70077722,119.81107
70142359,120.2064
71016961,120.64653
71102292,120.76304
70876457,120.85748
69927674,120.86338
70504364,120.93693
70672453,120.98118
70936187,121.0184
71162207,121.3
70822787,121.44912
70377114,121.48743
69563134,121.58934
324625,121.62527
70724079,121.66912
71024729,121.76453
70489968,121.82219
70699887,121.83843
70103540,122.21447
70033308,122.69863
68815422,122.70276
70950139,122.76418
70562502,123.20554
71067787,123.53941
70466550,123.69827
68983804,123.77736
70802302,124.13087
71067402,124.13754
320634,124.25965
69654843,124.26943
70796658,124.57869
70291571,124.63234
70734780,124.77354
71113798,124.83024
70839375,124.83311
70983203,124.92648
69098547,125.23998
325883,125.35616
70783389,125.4388
266917,126.0539
69115694,126.32127
343716,126.35654
70948609,126.47983
71054114,126.7014
70860624,127.31346
70086974,127.80065
70503467,127.80198
70606140,128.00988
70769436,128.14422
70102041,128.219
313687,128.3104
70518824,128.62159
69768605,128.6512
70688047,128.80278
70988246,128.86822
70977385,128.93452
70133281,129.18366
253439,129.45507
70664754,129.60926
70579739,129.64191
70879953,129.713
70881704,129.74832
70277416,130.21711
70636897,130.60391
70564363,130.69373
70794790,131.16301
312508,131.18774
69693471,131.20414
70814929,131.37166
70463646,131.39666
70773471,131.46804
70849125,131.91003
70224791,132.50482
70874288,132.65255
70276571,132.87841
70261238,133.18763
70616730,133.40914
68573934,133.44204
70931813,133.45825
251503,133.53894
70053598,133.62076
267820,133.66089
70614435,133.73027
69916672,133.80204
71089800,134.25047
70844095,134.34161
70601381,134.37711
70220302,134.64549
70314136,134.78703
70500879,134.80213
71139536,134.90901
70951155,135.01597
70657934,135.02949
69519406,135.17285
323852,135.56702
70399039,135.76701
69993582,135.85694
69925789,136.10285
70851831,136.13928
71048212,136.25776
69843885,136.65425
70959012,137.24528
68772622,137.397
325065,138.13174
69467551,138.2094
70498693,138.36934
70626937,138.73157
70703546,138.83679
71044734,138.84661
70900898,139.17157
70732519,139.32244
71190348,139.49405
70221791,139.62697
71148674,139.77883
251365,139.78465
70560292,139.99345
69554663,140.79827
69927034,140.81958
69310326,141.36563
69773867,141.47574
71047466,141.52695
70705190,141.90596
268189,142.15275
71191382,142.42661
70627273,142.50165
71059854,142.56088
69657132,142.82738
250862,143.21378
71162384,143.24465
69759183,144.0103
70608974,144.25667
70010467,144.92581
69014779,145.23032
71165685,145.27411
70226056,145.53692
70873557,145.57668
68797555,145.67783
70568390,145.84203
70902783,145.90326
70921030,147.05829
70986649,147.22669
70789219,147.4214
71165438,147.552
70127406,147.69915
70725209,148.72659
70257359,149.3408
70842520,149.83541
70090986,150.41861
69779125,150.67235
253569,150.75285
70765428,151.08199
69911709,151.26323
69638861,151.30696
70805942,151.58328
70127303,152.23157
69326102,152.41315
70698487,152.66841
69642457,152.93167
69647974,153.83572
70920420,153.92273
70779971,154.11126
70594473,154.61733
70973476,155.11425
70228502,155.30243
69891126,155.70804
70504367,155.74897
71066253,156.24473
69471972,156.3558
70788934,156.99044
70086972,157.66745
69178501,157.76669
70425530,158.67328
69420193,159.59341
70419278,159.87906
70236135,159.89309
70449010,159.99961
70117931,160.63731
70855917,160.68024
69897066,161.17771
70949423,161.30743
70866835,161.37692
70202401,161.46872
70639420,162.00799
311867,162.11149
70870284,162.1296
68962110,162.28146
70605535,163.73791
69734179,164.27458
70909720,164.28734
70342717,164.31322
69859943,164.32284
70951324,164.50694
70508960,164.55859
70411331,164.6569
70973549,164.70212
70944295,164.97694
70038499,165.01659
68597605,165.79007
70263360,166.1164
255124,166.19589
69711835,166.42999
69826665,166.89321
255763,167.01856
70779213,167.2764
70190073,167.73198
299055,167.75683
70758140,168.84836
255458,169.60284
70461832,169.62287
253624,169.63933
70119556,169.81873
70872289,170.37854
70401825,170.42059
69845613,170.59766
68559773,170.84823
251234,171.03843
253919,171.47183
69315815,171.55462
70680187,171.73682
70987276,171.97831
70704091,173.0676
70597859,173.12197
70764732,173.17357
70581584,173.26031
70653116,173.52736
70080307,173.65064
71087036,174.19226
68835335,174.34547
70665119,175.10262
69358487,175.41824
70694896,175.44833
70027461,175.64272
70595505,175.91282
71020284,175.93313
250231,175.94223
70491065,176.23569
70807261,176.75087
70034350,177
70210902,177.08987
306184,177.221
68844257,177.88129
69380009,177.99669
70801009,178.73494
70029740,178.77614
68586588,178.88327
249017,178.90095
69659713,179.00253
69905531,179.42085
70843939,179.5944
256136,179.6737
70661725,180.34981
70422994,180.5131
70491881,180.62215
68643456,181.04575
71070010,181.07549
70948954,181.51958
69735274,181.91314
70623407,182.04474
69823982,182.27331
70330699,182.42885
71187320,182.4985
70518843,182.76107
69669005,183.59697
69834484,184.74632
70617043,185.16603
69694526,185.53861
70663845,185.67536
70405900,186.08989
254139,187.06099
70914245,187.85147
71088666,187.91974
343092,187.99819
70206225,188.09914
70422934,188.10278
70712787,189.212
250880,189.93895
70445023,189.95518
70617467,190.38952
70951737,190.3936
70684463,190.4181
70689192,190.65336
70464199,190.78431
68795637,190.90679
71094081,191.04212
70244896,191.48124
70136495,191.6469
71124420,191.81059
71109315,193.64411
69594035,193.9127
70421456,194.10796
68611196,194.38828
71104026,194.712
70698038,195.14681
70286176,195.16903
70831388,195.34955
70055489,195.38141
70264173,195.65764
70839738,196.40533
70991181,196.58598
70036279,197.79036
69652844,197.82421
252778,197.8373
70652116,198.283
70424962,198.74979
70421479,199.42658
68457092,199.53309
71004959,199.78222
70360172,200.04822
270053,200.32426
70352964,200.86251
71107680,200.97739
70582388,201.75908
70471502,201.92025
69952090,201.97997
70496272,202.0071
68621473,202.28109
70053966,202.79127
69409274,203.36065
69922396,203.76327
70799607,203.97449
71177644,204.5126
70825146,204.91821
69243142,205.39746
70586655,205.48374
254613,205.8803
70527691,206.29605
70866238,206.31103
70629759,206.93087
70220720,207.36849
70690256,207.65277
70946197,207.94422
70561203,209.32837
70786263,209.4567
247959,210.62332
70315095,210.67128
70800035,210.8496
70308684,210.98612
69434081,211.10109
71017594,211.97577
70444259,211.97978
311538,212.09735
68995100,212.88307
70746551,212.92577
71051379,212.96566
70230501,213.48756
70571218,213.63035
69471501,213.77648
70329444,214.1616
70588093,214.57367
70636301,214.86114
70177438,215.02366
68799290,215.81327
70902153,215.85246
70656725,216.08279
70583700,216.41957
68456264,217.07612
69985820,217.37005
335034,217.48732
70484762,217.55902
70758221,219.06397
70864097,219.20675
71000632,219.37963
70231014,219.50732
70003741,220.06198
70854946,220.28422
70106801,220.30962
71063201,220.38463
70859394,220.59575
69977076,220.75327
70798224,220.94066
70609549,221.15215
70821859,221.23772
68616395,221.27802
69985059,221.46264
70853129,221.56659
252849,221.75887
70520425,222.90865
70892342,223.288
70749853,223.61315
70762059,224.49012
70019504,224.66551
70183693,224.97592
70452003,225.10358
71090027,225.22361
70889812,225.65665
70338326,226.12142
70775885,226.78932
70939113,226.81795
70444214,227.83804
304063,228.18115
69507649,229.52802
69955251,230.47631
70870300,231.65173
251230,231.70915
70710599,231.84525
69251722,232.45379
68816719,232.61296
343064,232.61797
70167552,233.53133
70866799,234.15428
70383233,234.32448
71177185,234.82176
70221786,236.05906
70881697,236.19802
249381,236.33226
68681325,238.69494
70609438,238.79297
70685609,239.51489
68510369,240.04452
70804950,241.94452
69636843,241.96146
70796601,243.53486
70067833,243.59918
70876078,244.35624
69752681,245.06031
71152580,245.60964
69947819,246.02653
70278911,246.72791
69992603,247.04997
70453954,247.31339
277060,247.51235
69922296,248.55473
69795644,248.70975
69140738,248.77669
70113395,249.89849
70442546,250.41391
70936908,250.81994
70808703,250.83057
70339622,251.37777
70685291,252.35063
70443031,252.36196
70352064,252.53061
70408332,253.54405
70278064,253.694
70192798,254.5732
70609412,255.53653
70865198,256.04338
253186,257.2779
255307,257.48652
70356462,258.11201
70706723,258.27555
70485834,259.1202
69797003,259.34143
70844078,259.55821
70977864,260.40726
70801743,261.27719
70866361,261.68058
249488,262.04079
70807271,262.50808
69627942,264.31066
69773233,264.5486
70266390,264.7254
70946307,264.74008
69557477,265.58766
70997503,266.69616
69951211,266.79409
70567688,266.89201
347086,268.69193
70220272,268.88913
70577454,270.70026
69467112,271.29664
252688,271.46715
70574225,271.67738
71099489,271.68857
70918037,271.94028
68694468,273.22368
68805503,273.84134
70427703,274.29609
255112,277.1627
70631599,277.34539
70941195,278.17191
70441983,278.43758
70758823,279.56473
70700441,281.31052
250140,284.35674
68623314,285.16288
69256570,285.53433
71146006,285.8337
70392950,287.58859
71013835,290.10094
69786755,290.79738
70219896,291.60966
70101619,291.72011
68428892,292.4027
71117058,292.50035
70115602,292.73123
277697,292.80027
291069,292.83708
70670714,292.95108
69070005,293.07701
70772920,294.09785
70619206,294.19834
71142120,296.35594
70430780,296.71473
70808438,297.39588
70484302,297.74677
69484356,298.1044
279216,298.87445
71006286,299.89173
70397952,299.91446
69838898,301.08815
70574592,301.46788
279847,301.89525
252537,302.12866
70785315,302.26519
70611497,302.47378
70513155,302.66553
70822838,304.35331
70832376,306.52339
70692427,306.89964
70621287,307.16782
70503506,308.28465
68536994,308.49006
70270617,308.95101
70807335,310.81302
299485,310.89166
70346597,311.29136
70922664,312.01601
343231,313.42912
343265,313.72359
70314932,314.1994
69917531,316.23524
69959653,316.38933
69244101,316.3918
249108,317.14192
71050817,317.34342
69830309,318.8894
69637242,320.41358
70598398,323.78824
71065768,324.19371
70691836,324.29623
70880957,325.17554
70238002,326.15778
69960883,326.90219
70324700,327.75416
70012001,327.84879
69870616,329.92131
69796881,331.18449
248949,333.62682
70565219,335.0762
71193511,335.72727
70005091,335.91535
69669897,336.72847
70688088,337.02824
70201341,338.60959
69981103,339.22535
69977057,340.55508
70864725,342.6512
69788576,344.96427
71013780,345.1449
71022836,347.10607
299421,349.67261
70393937,349.68165
70526307,350.76191
70501666,350.77797
70129967,351.45984
69313842,351.47434
70515451,354.57019
69086224,354.89575
70982721,355.2177
69977045,355.69366
69733796,355.71356
248882,356.28698
71186375,357.053
70113518,357.55493
70871059,358.58446
247983,359.6002
70907998,360.07542
70524832,360.57185
312275,361.33073
70998169,362.09944
70665734,362.22819
70494186,362.63839
70895201,362.63914
70930894,364.68655
68758203,364.72263
70456226,365.02475
70157803,365.3157
70426467,366.17623
70765164,366.77648
70802303,366.9193
70745477,369.60542
307532,372.99655
70377152,373.71012
70459368,374.62768
70216972,375.15696
70796552,375.52703
68638095,378.18788
70769510,386.24748
70383202,386.61835
70641591,386.75673
69897367,389.48946
70501842,393.32154
69874673,393.37373
70745610,395.10384
70485842,395.37764
70158191,396.40496
69822148,397.48792
70692416,397.90083
71002599,399.60988
70379518,403.25001
70689111,405.89153
71148740,406.07182
70713261,406.09679
68798480,406.78217
70481214,409.0423
70871534,414.54158
70977311,418.24318
287234,419.53106
69787847,419.99842
70221651,420.4379
69773268,421.02012
71091844,423.77515
70724783,424.45305
71125557,424.57269
71209895,424.92516
68608202,427.36902
70761469,428.35414
70036274,428.61438
250143,429.95266
70980048,431.02992
70095928,432.29601
70414384,432.47776
70975331,432.49783
69116137,432.73554
70594101,433.48619
70631156,434.17278
71106227,434.5055
70349403,434.57546
338253,434.94421
70209322,435.00972
70031429,435.03823
71144981,436.548
69833207,436.62739
69887893,436.88209
252633,444.28697
70443652,445.66236
69519708,445.91347
70404951,446.30236
70893898,446.78379
70947312,448.14694
71043530,448.38941
69940793,450.45646
70761615,452.64228
70724052,452.84939
69344800,457.06325
70778923,457.77214
70407873,458.31464
252720,458.85907
68616407,459.68953
69641177,460.07708
69873644,460.17405
70038070,460.81728
70256673,461.85056
70301577,464.24731
70701661,464.52656
70838596,464.78315
70417960,465.96005
68975736,466.60756
69086669,467.31452
69859796,469.53947
70574649,469.69991
70889170,471.62427
69333176,477.0118
70782480,478.91144
70827124,479.86637
299915,479.9467
288323,481.24777
70570506,482.68601
70995973,484.56473
70651382,485.39168
70699894,490.85275
70272494,491.86876
69883637,492.87917
69908689,494.08345
70670719,494.15323
68675449,495.56271
69124593,498.43439
70748406,498.43695
68675430,501.78275
249045,503.07349
70326498,503.3267
70625615,503.7822
69651307,504.02908
68796534,504.9599
70847700,508.93639
70744843,509.5885
315944,511.5056
70791145,512.18966
68840804,514.21693
69775586,514.95411
70102414,515.25292
70697353,520.48538
70397910,520.71398
70086148,523.19636
69791202,524.59928
70788221,530.00731
70414668,530.40278
69058972,533.53334
71019831,536.97595
70807967,537.69124
68462384,539.99043
70011947,541.60927
70130301,546.15491
71113437,546.61752
70274742,549.86623
70601198,553.30801
70860500,554.11
70768760,555.69487
68466415,556.1281
70197793,560.70349
70237916,561.2317
69891926,561.56254
69869057,563.10593
70007236,565.16389
70223091,565.69634
70794714,567.96424
71010191,568.24957
70356418,568.95083
70613900,570.45515
70650760,571.37729
70671821,572.45946
70157790,572.50142
248925,572.67323
69697252,573.14744
70483181,575.23188
69730642,579.35601
69955119,583.28874
70003355,592.1168
70718426,593.04383
68968213,593.27371
70614336,599.67722
70776788,600.49869
70912672,600.65476
70444483,600.8702
257451,601.5974
69721075,603.21273
70137896,603.90043
70765196,606.14001
70828460,607.54543
70979279,612.10007
70611951,616.9464
69291218,619.27672
267888,623.90286
71064920,625.92898
70639264,626.00706
68478019,627.87011
70661299,628.50285
69712819,629.00749
69834566,629.3362
70562574,629.97756
70718512,632.28571
70761022,640.48455
69988388,645.48944
316725,646.67409
69841814,649.64571
70106797,651.60035
70713942,651.80379
70037137,666.48296
70797210,670.11302
70470177,674.96839
252533,678.31562
70757460,679.35602
69337799,681.15176
320115,681.40606
250141,681.65606
71089951,684.33659
70461264,685.31886
70360287,686.04233
71083327,687.92118
70010838,688.04062
70807988,694.14871
70429992,696.69599
70789357,699.21476
306684,701.82612
70765954,701.93977
70164838,705.9691
70689129,708.89675
69973368,711.57215
70933843,711.9152
70851889,712.68673
70075533,721.01841
70086138,727.5902
69569122,728.195
70758761,728.97397
70630134,732.83113
70347174,737.82546
70939440,737.92095
69843139,739.68718
70701748,748.79814
70524101,749.68596
69958590,750.37773
69769334,751.15966
70701032,760.37208
69557511,764.36338
70353457,769.91092
285032,774.04398
70529615,776.4713
69149756,791.61551
70248943,792.068
309938,792.96318
70224298,795.77653
69962755,797.45803
70152623,799.77724
70778829,801.02589
327750,801.36904
254733,805.64164
70729738,813.37665
70383585,815.88104
70603995,817.21053
345090,821.40182
70483913,821.92941
70602900,822.31004
69778817,824.12831
69700526,825.73484
69941048,829.55018
68596046,831.56537
71050319,834.55762
70721913,835.93948
70253447,837.23903
70659025,839.00456
69654765,848.70096
68574308,851.76213
70667766,858.72305
70018097,863.52147
69954638,863.79125
70920473,864.08742
70196296,871.05719
70795183,889.9855
69827268,890.23193
346765,890.2971
70462397,891.48044
250423,894.35352
69334572,901.79996
70417896,917.02081
69777528,917.09695
69745278,928.05296
71051274,939.21479
68825023,942.1128
70004506,943.60843
69207120,948.12844
69437463,957.43537
69672800,967.4889
70214490,969.72519
247919,971.48762
69601559,976.0792
69543168,995.58298
339962,998.92492
68542120,999.87337
69671161,1002.46499
68523580,1002.7929
69462027,1005.62878
69623423,1007.53615
69555013,1009.49991
69830620,1012.19814
70939094,1020.98813
70288815,1022.99805
69917888,1032.32758
69881792,1037.02063
70474159,1038.94568
70751888,1040.22574
69621645,1040.90809
70715635,1044.15539
271459,1048.74257
69884429,1054.75865
268644,1060.07947
70037077,1061.48078
70724353,1069.50707
248915,1074.46254
68688358,1077.14894
69728952,1085.67535
268127,1086.11094
71022999,1089.5145
70350768,1101.77103
70450384,1108.26141
70852520,1113.75468
70945757,1123.13721
70970026,1129.95528
69838568,1140.51696
70714442,1164.79101
70687962,1166.79071
287190,1167.04411
69423057,1171.29989
69708999,1171.34793
70412163,1188.29364
70684393,1197.47584
70783016,1209.72494
70319077,1213.53464
70746074,1223.39066
69978871,1229.74393
68499863,1244.04312
68871113,1248.50307
70152616,1249.0262
69628522,1295.5239
301180,1302.80378
69224191,1336.4877
248826,1343.52151
70151913,1345.67116
70217024,1349.58405
70447219,1355.90709
70713457,1370.34202
254387,1392.83384
70697270,1395.54903
249046,1416.01442
70342713,1419.21491
70761136,1425.65816
318179,1431.30158
70018905,1445.08896
69788831,1446.99009
70822316,1465.7901
71207059,1475.88714
251446,1528.43588
69838533,1540.77394
292127,1542.07861
251883,1557.61065
70801630,1578.01749
69045474,1597.22561
69638369,1605.25538
69793386,1618.96596
70345137,1622.94002
69655923,1649.54173
70599855,1675.37489
342518,1686.94598
70405451,1691.21573
248917,1693.30766
70500277,1697.46847
70316267,1705.67408
70528678,1721.82564
70220617,1739.5075
69882359,1779.16612
70324188,1811.3022
70507465,1822.36595
70577408,1853.89466
70266207,1860.02109
69700963,1866.59178
69417711,1923.43767
70026996,1935.09502
69523651,1936.77267
71006850,1958.86862
70683522,1974.37898
69676060,1978.82789
70313752,1987.51752
69383147,1994.20081
70498617,2006.31424
70666344,2029.279
68532290,2042.34308
251327,2048.53769
68635610,2082.5353
69396554,2116.09573
70511508,2162.53615
71082793,2168.22655
253597,2181.6174
70589337,2189.33827
70504609,2202.00555
70186075,2240.68591
70764210,2269.67569
254228,2314.9602
70776859,2392.73963
70447224,2402.12181
255224,2506.31025
70385511,2553.254
70614733,2566.27125
69764287,2690.69642
70012344,2698.01272
70784185,2759.92266
69894490,2774.44903
286241,2782.94612
70702933,2783.26681
69623469,2891.16937
69455764,3058.55798
69146807,3083.46568
68683526,3091.17016
256167,3168.3198
69709952,3196.43175
70379503,3199.47099
69985105,3208.04476
70466874,3250.61815
70893858,3251.8125
70197846,3311.85793
249527,3325.64879
256215,3411.4316
70203354,3599.88867
70751925,3629.65728
69852085,3652.15743
248951,3713.48946
69416301,3739.03972
248609,3786.62486
71109429,3814.15912
70332826,3937.27475
69202292,4120.00066
68437764,4120.27919
248965,4176.1369
70171145,4266.98135
248309,4385.52238
69178947,4590.72078
317649,4989.50093
70470783,5179.19199
69459964,5318.70835
251845,5419.46807
68845053,7088.97818
70651227,7310.45314
70718901,7599.1462
252046,8730.2638
248817,9382.2233
251233,10605.56274
249609,10698.09641
70008712,13304.52845
70247586,15356.98418
254787,32732.43862
